{
  "runs": [
    {
      "run": 1,
      "gaSeed": 6157321,
      "scenarioSeed": 3422345,
      "outputPackage": "C:\\Users\\Stan\\Documents\\Uni\\New Comp3000\\test\\TBT-Engine\\scratch\\balance-runs\\full-genome-seed-matrix\\20260511-094943\\run-01__ga-seed-6157321__scenario-seed-3422345",
      "exitCode": 0,
      "fitnessBefore": -0.44447343991447763,
      "fitnessAfter": 0.4005676872056277,
      "fitnessDelta": 0.8450411271201053,
      "attackerWinRateBefore": 0.8333333333333334,
      "attackerWinRateAfter": 0.7222222222222222,
      "attackerWinRateDelta": -0.11111111111111116,
      "turnLimitRateBefore": 0.16666666666666666,
      "turnLimitRateAfter": 0.16666666666666666,
      "turnLimitRateDelta": 0.0,
      "averageAttackerTurnsBefore": 6.222222222222222,
      "averageAttackerTurnsAfter": 7.444444444444445,
      "averageAttackerTurnsDelta": 1.2222222222222223,
      "matchFlowScoreBefore": -0.8518518518518516,
      "matchFlowScoreAfter": 0.5407407407407407,
      "matchFlowScoreDelta": 1.3925925925925924,
      "primaryRoleIdentityScoreBefore": 0.02782010181463969,
      "primaryRoleIdentityScoreAfter": 0.1314709961945016,
      "primaryRoleIdentityScoreDelta": 0.1036508943798619,
      "primaryTankScoreBefore": 0.22975297199982514,
      "primaryTankScoreAfter": 0.3215396052435193,
      "primaryTankScoreDelta": 0.09178663324369418,
      "primaryDamageScoreBefore": 0.3156769359604979,
      "primaryDamageScoreAfter": 0.5854849313114109,
      "primaryDamageScoreDelta": 0.269807995350913,
      "primaryHealerScoreBefore": 0.05920408229960883,
      "primaryHealerScoreAfter": 0.005611313004741825,
      "primaryHealerScoreDelta": -0.053592769294867004,
      "secondaryRoleIdentityScoreBefore": -0.7777777777777779,
      "secondaryRoleIdentityScoreAfter": -0.08333333333333348,
      "secondaryRoleIdentityScoreDelta": 0.6944444444444444,
      "secondaryBufferScoreBefore": -1.6111111111111112,
      "secondaryBufferScoreAfter": -0.7777777777777777,
      "secondaryBufferScoreDelta": 0.8333333333333335,
      "secondaryDebufferScoreBefore": 0.05555555555555536,
      "secondaryDebufferScoreAfter": 0.6111111111111107,
      "secondaryDebufferScoreDelta": 0.5555555555555554,
      "roleProfileFairnessScoreBefore": 0.6845679012345679,
      "roleProfileFairnessScoreAfter": 0.674074074074074,
      "roleProfileFairnessScoreDelta": -0.010493827160493852,
      "changeShapeScoreBefore": 0.65,
      "changeShapeScoreAfter": 0.9647415704161451,
      "changeShapeScoreDelta": 0.31474157041614503
    },
    {
      "run": 2,
      "gaSeed": 6158321,
      "scenarioSeed": 3422345,
      "outputPackage": "C:\\Users\\Stan\\Documents\\Uni\\New Comp3000\\test\\TBT-Engine\\scratch\\balance-runs\\full-genome-seed-matrix\\20260511-094943\\run-02__ga-seed-6158321__scenario-seed-3422345",
      "exitCode": 0,
      "fitnessBefore": -0.44447343991447763,
      "fitnessAfter": 0.3026528668924946,
      "fitnessDelta": 0.7471263068069722,
      "attackerWinRateBefore": 0.8333333333333334,
      "attackerWinRateAfter": 0.6666666666666666,
      "attackerWinRateDelta": -0.16666666666666674,
      "turnLimitRateBefore": 0.16666666666666666,
      "turnLimitRateAfter": 0.16666666666666666,
      "turnLimitRateDelta": 0.0,
      "averageAttackerTurnsBefore": 6.222222222222222,
      "averageAttackerTurnsAfter": 7.166666666666667,
      "averageAttackerTurnsDelta": 0.9444444444444446,
      "matchFlowScoreBefore": -0.8518518518518516,
      "matchFlowScoreAfter": 0.3555555555555556,
      "matchFlowScoreDelta": 1.2074074074074073,
      "primaryRoleIdentityScoreBefore": 0.02782010181463969,
      "primaryRoleIdentityScoreAfter": 0.18785498723976177,
      "primaryRoleIdentityScoreDelta": 0.16003488542512206,
      "primaryTankScoreBefore": 0.22975297199982514,
      "primaryTankScoreAfter": 0.34051317024347166,
      "primaryTankScoreDelta": 0.11076019824364652,
      "primaryDamageScoreBefore": 0.3156769359604979,
      "primaryDamageScoreAfter": 0.7113897355608365,
      "primaryDamageScoreDelta": 0.3957127996003386,
      "primaryHealerScoreBefore": 0.05920408229960883,
      "primaryHealerScoreAfter": 0.07891309118148615,
      "primaryHealerScoreDelta": 0.01970900888187732,
      "secondaryRoleIdentityScoreBefore": -0.7777777777777779,
      "secondaryRoleIdentityScoreAfter": 0.0,
      "secondaryRoleIdentityScoreDelta": 0.7777777777777779,
      "secondaryBufferScoreBefore": -1.6111111111111112,
      "secondaryBufferScoreAfter": -0.05555555555555536,
      "secondaryBufferScoreDelta": 1.5555555555555558,
      "secondaryDebufferScoreBefore": 0.05555555555555536,
      "secondaryDebufferScoreAfter": 0.05555555555555536,
      "secondaryDebufferScoreDelta": 0.0,
      "roleProfileFairnessScoreBefore": 0.6845679012345679,
      "roleProfileFairnessScoreAfter": 0.3481481481481481,
      "roleProfileFairnessScoreDelta": -0.3364197530864198,
      "changeShapeScoreBefore": 0.65,
      "changeShapeScoreAfter": 0.9641551367638127,
      "changeShapeScoreDelta": 0.3141551367638127
    },
    {
      "run": 3,
      "gaSeed": 6158321,
      "scenarioSeed": 3423345,
      "outputPackage": "C:\\Users\\Stan\\Documents\\Uni\\New Comp3000\\test\\TBT-Engine\\scratch\\balance-runs\\full-genome-seed-matrix\\20260511-094943\\run-03__ga-seed-6158321__scenario-seed-3423345",
      "exitCode": 0,
      "fitnessBefore": -0.3344354495593231,
      "fitnessAfter": 0.3031965137954309,
      "fitnessDelta": 0.637631963354754,
      "attackerWinRateBefore": 0.3888888888888889,
      "attackerWinRateAfter": 0.6666666666666666,
      "attackerWinRateDelta": 0.27777777777777773,
      "turnLimitRateBefore": 0.3888888888888889,
      "turnLimitRateAfter": 0.2222222222222222,
      "turnLimitRateDelta": -0.16666666666666669,
      "averageAttackerTurnsBefore": 7.055555555555555,
      "averageAttackerTurnsAfter": 7.277777777777778,
      "averageAttackerTurnsDelta": 0.22222222222222232,
      "matchFlowScoreBefore": -0.514814814814815,
      "matchFlowScoreAfter": 0.2999999999999999,
      "matchFlowScoreDelta": 0.8148148148148149,
      "primaryRoleIdentityScoreBefore": -0.06915343822645613,
      "primaryRoleIdentityScoreAfter": 0.008333610536873634,
      "primaryRoleIdentityScoreDelta": 0.07748704876332976,
      "primaryTankScoreBefore": 0.14396008405552668,
      "primaryTankScoreAfter": 0.22694797730446142,
      "primaryTankScoreDelta": 0.08298789324893474,
      "primaryDamageScoreBefore": 0.35938578110346536,
      "primaryDamageScoreAfter": 0.47550453884237937,
      "primaryDamageScoreDelta": 0.116118757738914,
      "primaryHealerScoreBefore": 0.07132618530099266,
      "primaryHealerScoreAfter": 0.0018969929462874235,
      "primaryHealerScoreDelta": -0.06942919235470524,
      "secondaryRoleIdentityScoreBefore": -0.8888888888888891,
      "secondaryRoleIdentityScoreAfter": 0.3055555555555558,
      "secondaryRoleIdentityScoreDelta": 1.1944444444444449,
      "secondaryBufferScoreBefore": -1.1111111111111112,
      "secondaryBufferScoreAfter": 0.7222222222222223,
      "secondaryBufferScoreDelta": 1.8333333333333335,
      "secondaryDebufferScoreBefore": -0.666666666666667,
      "secondaryDebufferScoreAfter": -0.11111111111111072,
      "secondaryDebufferScoreDelta": 0.5555555555555562,
      "roleProfileFairnessScoreBefore": 0.43703703703703695,
      "roleProfileFairnessScoreAfter": 0.5,
      "roleProfileFairnessScoreDelta": 0.06296296296296305,
      "changeShapeScoreBefore": 0.65,
      "changeShapeScoreAfter": 0.9620706484089345,
      "changeShapeScoreDelta": 0.3120706484089345
    },
    {
      "run": 4,
      "gaSeed": 6159321,
      "scenarioSeed": 3423345,
      "outputPackage": "C:\\Users\\Stan\\Documents\\Uni\\New Comp3000\\test\\TBT-Engine\\scratch\\balance-runs\\full-genome-seed-matrix\\20260511-094943\\run-04__ga-seed-6159321__scenario-seed-3423345",
      "exitCode": 0,
      "fitnessBefore": -0.3344354495593231,