{
  "evidence": {
    "full-genome": {
      "metrics": {
        "Fitness": {
          "before": -0.44447343991447763,
          "after": 0.3026528668924946,
          "delta": 0.7471263068069722,
          "improved": true
        },
        "AttackerWinRate": {
          "before": 0.8333333333333334,
          "after": 0.6666666666666666,
          "delta": -0.16666666666666674
        },
        "TurnLimitRate": {
          "before": 0.16666666666666666,
          "after": 0.16666666666666666,
          "delta": 0.0,
          "improved": false
        },
        "AverageAttackerTurns": {
          "before": 6.222222222222222,
          "after": 7.166666666666667,
          "delta": 0.9444444444444446,
          "improved": true
        },
        "MatchFlowScore": {
          "before": -0.8518518518518516,
          "after": 0.3555555555555556,
          "delta": 1.2074074074074073,
          "improved": true
        },
        "PrimaryRoleIdentityScore": {
          "before": 0.02782010181463969,
          "after": 0.18785498723976177,
          "delta": 0.16003488542512206,
          "improved": true
        },
        "PrimaryTankScore": {
          "before": 0.22975297199982514,
          "after": 0.34051317024347166,
          "delta": 0.11076019824364652,
          "improved": true
        },
        "PrimaryDamageScore": {
          "before": 0.3156769359604979,
          "after": 0.7113897355608365,
          "delta": 0.3957127996003386,
          "improved": true
        },
        "PrimaryHealerScore": {
          "before": 0.05920408229960883,
          "after": 0.07891309118148615,
          "delta": 0.01970900888187732,
          "improved": true
        },
        "SecondaryRoleIdentityScore": {
          "before": -0.7777777777777779,
          "after": 0.0,
          "delta": 0.7777777777777779,
          "improved": true
        },
        "SecondaryBufferScore": {
          "before": -1.6111111111111112,
          "after": -0.05555555555555536,
          "delta": 1.5555555555555558,
          "improved": true
        },
        "SecondaryDebufferScore": {
          "before": 0.05555555555555536,
          "after": 0.05555555555555536,
          "delta": 0.0,
          "improved": false
        },
        "RoleProfileFairnessScore": {
          "before": 0.6845679012345679,
          "after": 0.3481481481481481,
          "delta": -0.3364197530864198,
          "improved": false
        },
        "ChangeShapeScore": {
          "before": 0.65,
          "after": 0.9641551367638127,
          "delta": 0.3141551367638127,
          "improved": true
        }
      }
    }
  },
  "stage": "full-genome",
  "createdUtc": "2026-05-11T09:54:40.299566+00:00",
  "inputContent": "content-no-move\\content",
  "outputContent": "C:\\Users\\Stan\\Documents\\Uni\\New Comp3000\\test\\TBT-Engine\\scratch\\generated-content\\content-no-move\\scenario-seed-3422345\\set-size-18",
  "diffSummary": {
    "unitTemplates.json": {
      "changedEntries": 36
    },
    "abilities.json": {
      "changedEntries": 96
    },
    "effectTemplates.json": {
      "changedEntries": 0
    },
    "effectComponentTemplates.json": {
      "changedEntries": 80
    },
    "gameStates.json": {
      "changedEntries": 0
    }
  }
}
